filename,unique_im,stim_pos_name,stim_pos,super_cat_name,super_cat,basic_cat_name,basic_cat,sub_cat_name,sub_cat,affordance_name,affordance_cat,is_specialcore,is_objectcatch,base_rot,abs_rot,rel_rot,facing_dir,rel_rot_name
faces_damonwayans_rot36.png,65,left,1,human,1,facemale,1,damon,1,greet,1,1,0,70,70,0,forward,none
faces_lisa_rot19.png,66,right,2,human,1,facefemale,2,lisa,2,greet,1,0,0,36,36,0,sideways,none
faces_sophia_rot73.png,67,left,1,human,1,facefemale,2,sophia,3,greet,1,1,0,144,144,0,sideways,none
animals_parrot_rot17.png,68,right,2,animal,2,small,1,parrot,1,greet,1,0,0,32,32,0,sideways,none
animals_cat_rot71.png,69,left,1,animal,2,small,1,cat,2,greet,1,1,0,140,140,0,sideways,none
animals_bear_rot49.png,70,right,2,animal,2,large,2,bear,3,observe,4,0,0,96,96,0,forward,none
animals_giraffe_rot26.png,71,left,1,animal,2,large,2,giraffe,4,observe,4,1,0,50,50,0,forward,none
tools_drill_rot66.png,72,right,2,object,3,tool,1,drill,1,grasp,2,1,0,130,130,0,forward,none
tools_brush_rot14.png,73,left,1,object,3,tool,1,brush,2,grasp,2,0,0,26,26,0,sideways,none
vehicles_bus_rot43.png,74,right,2,object,3,vehicle,2,bus,3,enter,3,1,0,84,84,0,forward,none
vehicles_suv_rot64.png,75,left,1,object,3,vehicle,2,suv,4,enter,3,0,0,126,126,0,forward,none
food_pizza_rot21.png,76,right,2,food,4,manmade,1,pizza,1,grasp,2,1,0,40,40,0,sideways,none
food_banana_rot56.png,77,left,1,food,4,produce,2,banana,2,grasp,2,0,0,110,110,0,forward,none
places_gothicchurch_rot78.png,78,right,2,place,5,building,1,church,1,enter,3,1,0,154,154,0,sideways,none
places_house1_rot28.png,79,left,1,place,5,building,1,house,2,enter,3,0,0,54,54,0,forward,none
places_watertower_rot75.png,80,right,2,place,5,building,1,watertower,3,observe,4,0,0,148,148,0,sideways,none
faces_damonwayans_rot24.png,239,left,1,human,1,facemale,1,damon,1,greet,1,0,0,70,46,-24,forward,rightward
faces_damonwayans_rot30.png,240,left,1,human,1,facemale,1,damon,1,greet,1,0,0,70,58,-12,forward,rightward
faces_damonwayans_rot42.png,241,left,1,human,1,facemale,1,damon,1,greet,1,0,0,70,82,12,forward,leftward
faces_damonwayans_rot48.png,242,left,1,human,1,facemale,1,damon,1,greet,1,0,0,70,94,24,forward,leftward
faces_lisa_rot07.png,243,right,2,human,1,facefemale,2,lisa,2,greet,1,0,0,36,12,-24,sideways,rightward
faces_lisa_rot13.png,244,right,2,human,1,facefemale,2,lisa,2,greet,1,0,0,36,24,-12,sideways,rightward
faces_lisa_rot25.png,245,right,2,human,1,facefemale,2,lisa,2,greet,1,0,0,36,48,12,sideways,leftward
faces_lisa_rot31.png,246,right,2,human,1,facefemale,2,lisa,2,greet,1,0,0,36,60,24,sideways,leftward
faces_sophia_rot61.png,247,left,1,human,1,facefemale,2,sophia,3,greet,1,0,0,144,120,-24,sideways,rightward
faces_sophia_rot67.png,248,left,1,human,1,facefemale,2,sophia,3,greet,1,0,0,144,132,-12,sideways,rightward
faces_sophia_rot79.png,249,left,1,human,1,facefemale,2,sophia,3,greet,1,0,0,144,156,12,sideways,leftward
faces_sophia_rot85.png,250,left,1,human,1,facefemale,2,sophia,3,greet,1,0,0,144,168,24,sideways,leftward
animals_parrot_rot05.png,251,right,2,animal,2,small,1,parrot,1,greet,1,0,0,32,8,-24,sideways,rightward
animals_parrot_rot11.png,252,right,2,animal,2,small,1,parrot,1,greet,1,0,0,32,20,-12,sideways,rightward
animals_parrot_rot23.png,253,right,2,animal,2,small,1,parrot,1,greet,1,0,0,32,44,12,sideways,leftward
animals_parrot_rot29.png,254,right,2,animal,2,small,1,parrot,1,greet,1,0,0,32,56,24,sideways,leftward
animals_cat_rot59.png,255,left,1,animal,2,small,1,cat,2,greet,1,0,0,140,116,-24,sideways,rightward
animals_cat_rot65.png,256,left,1,animal,2,small,1,cat,2,greet,1,0,0,140,128,-12,sideways,rightward
animals_cat_rot77.png,257,left,1,animal,2,small,1,cat,2,greet,1,0,0,140,152,12,sideways,leftward
animals_cat_rot83.png,258,left,1,animal,2,small,1,cat,2,greet,1,0,0,140,164,24,sideways,leftward
animals_bear_rot37.png,259,right,2,animal,2,large,2,bear,3,observe,4,0,0,96,72,-24,forward,rightward
animals_bear_rot43.png,260,right,2,animal,2,large,2,bear,3,observe,4,0,0,96,84,-12,forward,rightward
animals_bear_rot55.png,261,right,2,animal,2,large,2,bear,3,observe,4,0,0,96,108,12,forward,leftward
animals_bear_rot61.png,262,right,2,animal,2,large,2,bear,3,observe,4,0,0,96,120,24,forward,leftward
animals_giraffe_rot14.png,263,left,1,animal,2,large,2,giraffe,4,observe,4,0,0,50,26,-24,forward,rightward
animals_giraffe_rot20.png,264,left,1,animal,2,large,2,giraffe,4,observe,4,0,0,50,38,-12,forward,rightward
animals_giraffe_rot32.png,265,left,1,animal,2,large,2,giraffe,4,observe,4,0,0,50,62,12,forward,leftward
animals_giraffe_rot38.png,266,left,1,animal,2,large,2,giraffe,4,observe,4,0,0,50,74,24,forward,leftward
tools_drill_rot54.png,267,right,2,object,3,tool,1,drill,1,grasp,2,0,0,130,106,-24,forward,rightward
tools_drill_rot60.png,268,right,2,object,3,tool,1,drill,1,grasp,2,0,0,130,118,-12,forward,rightward
tools_drill_rot72.png,269,right,2,object,3,tool,1,drill,1,grasp,2,0,0,130,142,12,forward,leftward
tools_drill_rot78.png,270,right,2,object,3,tool,1,drill,1,grasp,2,0,0,130,154,24,forward,leftward
tools_brush_rot02.png,271,left,1,object,3,tool,1,brush,2,grasp,2,0,0,26,2,-24,sideways,rightward
tools_brush_rot08.png,272,left,1,object,3,tool,1,brush,2,grasp,2,0,0,26,14,-12,sideways,rightward
tools_brush_rot20.png,273,left,1,object,3,tool,1,brush,2,grasp,2,0,0,26,38,12,sideways,leftward
tools_brush_rot26.png,274,left,1,object,3,tool,1,brush,2,grasp,2,0,0,26,50,24,sideways,leftward
vehicles_bus_rot31.png,275,right,2,object,3,vehicle,2,bus,3,enter,3,0,0,84,60,-24,forward,rightward
vehicles_bus_rot37.png,276,right,2,object,3,vehicle,2,bus,3,enter,3,0,0,84,72,-12,forward,rightward
vehicles_bus_rot49.png,277,right,2,object,3,vehicle,2,bus,3,enter,3,0,0,84,96,12,forward,leftward
vehicles_bus_rot55.png,278,right,2,object,3,vehicle,2,bus,3,enter,3,0,0,84,108,24,forward,leftward
vehicles_suv_rot52.png,279,left,1,object,3,vehicle,2,suv,4,enter,3,0,0,126,102,-24,forward,rightward
vehicles_suv_rot58.png,280,left,1,object,3,vehicle,2,suv,4,enter,3,0,0,126,114,-12,forward,rightward
vehicles_suv_rot70.png,281,left,1,object,3,vehicle,2,suv,4,enter,3,0,0,126,138,12,forward,leftward
vehicles_suv_rot76.png,282,left,1,object,3,vehicle,2,suv,4,enter,3,0,0,126,150,24,forward,leftward
food_pizza_rot09.png,283,right,2,food,4,manmade,1,pizza,1,grasp,2,0,0,40,16,-24,sideways,rightward
food_pizza_rot15.png,284,right,2,food,4,manmade,1,pizza,1,grasp,2,0,0,40,28,-12,sideways,rightward
food_pizza_rot27.png,285,right,2,food,4,manmade,1,pizza,1,grasp,2,0,0,40,52,12,sideways,leftward
food_pizza_rot33.png,286,right,2,food,4,manmade,1,pizza,1,grasp,2,0,0,40,64,24,sideways,leftward
food_banana_rot44.png,287,left,1,food,4,produce,2,banana,2,grasp,2,0,0,110,86,-24,forward,rightward
food_banana_rot50.png,288,left,1,food,4,produce,2,banana,2,grasp,2,0,0,110,98,-12,forward,rightward
food_banana_rot62.png,289,left,1,food,4,produce,2,banana,2,grasp,2,0,0,110,122,12,forward,leftward
food_banana_rot68.png,290,left,1,food,4,produce,2,banana,2,grasp,2,0,0,110,134,24,forward,leftward
places_gothicchurch_rot66.png,291,right,2,place,5,building,1,church,1,enter,3,0,0,154,130,-24,sideways,rightward
places_gothicchurch_rot72.png,292,right,2,place,5,building,1,church,1,enter,3,0,0,154,142,-12,sideways,rightward
places_gothicchurch_rot84.png,293,right,2,place,5,building,1,church,1,enter,3,0,0,154,166,12,sideways,leftward
places_gothicchurch_rot90.png,294,right,2,place,5,building,1,church,1,enter,3,0,0,154,178,24,sideways,leftward
places_house1_rot16.png,295,left,1,place,5,building,1,house,2,enter,3,0,0,54,30,-24,forward,rightward
places_house1_rot22.png,296,left,1,place,5,building,1,house,2,enter,3,0,0,54,42,-12,forward,rightward
places_house1_rot34.png,297,left,1,place,5,building,1,house,2,enter,3,0,0,54,66,12,forward,leftward
places_house1_rot40.png,298,left,1,place,5,building,1,house,2,enter,3,0,0,54,78,24,forward,leftward
places_watertower_rot63.png,299,right,2,place,5,building,1,watertower,3,observe,4,0,0,148,124,-24,sideways,rightward
places_watertower_rot69.png,300,right,2,place,5,building,1,watertower,3,observe,4,0,0,148,136,-12,sideways,rightward
places_watertower_rot81.png,301,right,2,place,5,building,1,watertower,3,observe,4,0,0,148,160,12,sideways,leftward
places_watertower_rot87.png,302,right,2,place,5,building,1,watertower,3,observe,4,0,0,148,172,24,sideways,leftward
faces_damonwayans_rot07.png,1423,left,1,human,1,facemale,1,damon,1,greet,1,0,1,12,12,0,sideways,none
faces_damonwayans_rot12.png,1424,left,1,human,1,facemale,1,damon,1,greet,1,0,1,22,22,0,sideways,none
faces_damonwayans_rot14.png,1425,left,1,human,1,facemale,1,damon,1,greet,1,0,1,26,26,0,sideways,none
faces_damonwayans_rot16.png,1426,left,1,human,1,facemale,1,damon,1,greet,1,0,1,30,30,0,sideways,none
faces_damonwayans_rot19.png,1427,left,1,human,1,facemale,1,damon,1,greet,1,0,1,36,36,0,sideways,none
faces_damonwayans_rot49.png,1428,left,1,human,1,facemale,1,damon,1,greet,1,0,1,96,96,0,forward,none
faces_damonwayans_rot52.png,1429,left,1,human,1,facemale,1,damon,1,greet,1,0,1,102,102,0,forward,none
faces_damonwayans_rot53.png,1430,left,1,human,1,facemale,1,damon,1,greet,1,0,1,104,104,0,forward,none
faces_damonwayans_rot56.png,1431,left,1,human,1,facemale,1,damon,1,greet,1,0,1,110,110,0,forward,none
faces_damonwayans_rot57.png,1432,left,1,human,1,facemale,1,damon,1,greet,1,0,1,112,112,0,forward,none
faces_damonwayans_rot68.png,1433,left,1,human,1,facemale,1,damon,1,greet,1,0,1,134,134,0,forward,none
faces_damonwayans_rot70.png,1434,left,1,human,1,facemale,1,damon,1,greet,1,0,1,138,138,0,sideways,none
faces_damonwayans_rot72.png,1435,left,1,human,1,facemale,1,damon,1,greet,1,0,1,142,142,0,sideways,none
faces_damonwayans_rot74.png,1436,left,1,human,1,facemale,1,damon,1,greet,1,0,1,146,146,0,sideways,none
faces_damonwayans_rot81.png,1437,left,1,human,1,facemale,1,damon,1,greet,1,0,1,160,160,0,sideways,none
faces_damonwayans_rot86.png,1438,left,1,human,1,facemale,1,damon,1,greet,1,0,1,170,170,0,sideways,none
faces_damonwayans_rot89.png,1439,left,1,human,1,facemale,1,damon,1,greet,1,0,1,176,176,0,sideways,none
faces_damonwayans_rot90.png,1440,left,1,human,1,facemale,1,damon,1,greet,1,0,1,178,178,0,sideways,none
faces_lisa_rot32.png,1441,right,2,human,1,facefemale,2,lisa,2,greet,1,0,1,62,62,0,forward,none
faces_lisa_rot39.png,1442,right,2,human,1,facefemale,2,lisa,2,greet,1,0,1,76,76,0,forward,none
faces_lisa_rot48.png,1443,right,2,human,1,facefemale,2,lisa,2,greet,1,0,1,94,94,0,forward,none
faces_lisa_rot49.png,1444,right,2,human,1,facefemale,2,lisa,2,greet,1,0,1,96,96,0,forward,none
faces_lisa_rot50.png,1445,right,2,human,1,facefemale,2,lisa,2,greet,1,0,1,98,98,0,forward,none
faces_lisa_rot51.png,1446,right,2,human,1,facefemale,2,lisa,2,greet,1,0,1,100,100,0,forward,none
faces_lisa_rot53.png,1447,right,2,human,1,facefemale,2,lisa,2,greet,1,0,1,104,104,0,forward,none
faces_lisa_rot56.png,1448,right,2,human,1,facefemale,2,lisa,2,greet,1,0,1,110,110,0,forward,none
faces_lisa_rot57.png,1449,right,2,human,1,facefemale,2,lisa,2,greet,1,0,1,112,112,0,forward,none
faces_lisa_rot61.png,1450,right,2,human,1,facefemale,2,lisa,2,greet,1,0,1,120,120,0,forward,none
faces_lisa_rot63.png,1451,right,2,human,1,facefemale,2,lisa,2,greet,1,0,1,124,124,0,forward,none
faces_lisa_rot68.png,1452,right,2,human,1,facefemale,2,lisa,2,greet,1,0,1,134,134,0,forward,none
faces_lisa_rot76.png,1453,right,2,human,1,facefemale,2,lisa,2,greet,1,0,1,150,150,0,sideways,none
faces_lisa_rot79.png,1454,right,2,human,1,facefemale,2,lisa,2,greet,1,0,1,156,156,0,sideways,none
faces_lisa_rot82.png,1455,right,2,human,1,facefemale,2,lisa,2,greet,1,0,1,162,162,0,sideways,none
faces_lisa_rot83.png,1456,right,2,human,1,facefemale,2,lisa,2,greet,1,0,1,164,164,0,sideways,none
faces_lisa_rot87.png,1457,right,2,human,1,facefemale,2,lisa,2,greet,1,0,1,172,172,0,sideways,none
faces_lisa_rot90.png,1458,right,2,human,1,facefemale,2,lisa,2,greet,1,0,1,178,178,0,sideways,none
faces_sophia_rot02.png,1459,left,1,human,1,facefemale,2,sophia,3,greet,1,0,1,2,2,0,sideways,none
faces_sophia_rot08.png,1460,left,1,human,1,facefemale,2,sophia,3,greet,1,0,1,14,14,0,sideways,none
faces_sophia_rot10.png,1461,left,1,human,1,facefemale,2,sophia,3,greet,1,0,1,18,18,0,sideways,none
faces_sophia_rot13.png,1462,left,1,human,1,facefemale,2,sophia,3,greet,1,0,1,24,24,0,sideways,none
faces_sophia_rot19.png,1463,left,1,human,1,facefemale,2,sophia,3,greet,1,0,1,36,36,0,sideways,none
faces_sophia_rot20.png,1464,left,1,human,1,facefemale,2,sophia,3,greet,1,0,1,38,38,0,sideways,none
faces_sophia_rot24.png,1465,left,1,human,1,facefemale,2,sophia,3,greet,1,0,1,46,46,0,forward,none
faces_sophia_rot29.png,1466,left,1,human,1,facefemale,2,sophia,3,greet,1,0,1,56,56,0,forward,none
faces_sophia_rot30.png,1467,left,1,human,1,facefemale,2,sophia,3,greet,1,0,1,58,58,0,forward,none
faces_sophia_rot31.png,1468,left,1,human,1,facefemale,2,sophia,3,greet,1,0,1,60,60,0,forward,none
faces_sophia_rot45.png,1469,left,1,human,1,facefemale,2,sophia,3,greet,1,0,1,88,88,0,forward,none
faces_sophia_rot54.png,1470,left,1,human,1,facefemale,2,sophia,3,greet,1,0,1,106,106,0,forward,none
faces_sophia_rot56.png,1471,left,1,human,1,facefemale,2,sophia,3,greet,1,0,1,110,110,0,forward,none
faces_sophia_rot58.png,1472,left,1,human,1,facefemale,2,sophia,3,greet,1,0,1,114,114,0,forward,none
faces_sophia_rot60.png,1473,left,1,human,1,facefemale,2,sophia,3,greet,1,0,1,118,118,0,forward,none
faces_sophia_rot64.png,1474,left,1,human,1,facefemale,2,sophia,3,greet,1,0,1,126,126,0,forward,none
faces_sophia_rot65.png,1475,left,1,human,1,facefemale,2,sophia,3,greet,1,0,1,128,128,0,forward,none
faces_sophia_rot66.png,1476,left,1,human,1,facefemale,2,sophia,3,greet,1,0,1,130,130,0,forward,none
animals_parrot_rot24.png,1477,right,2,animal,2,small,1,parrot,1,greet,1,0,1,46,46,0,forward,none
animals_parrot_rot25.png,1478,right,2,animal,2,small,1,parrot,1,greet,1,0,1,48,48,0,forward,none
animals_parrot_rot27.png,1479,right,2,animal,2,small,1,parrot,1,greet,1,0,1,52,52,0,forward,none
animals_parrot_rot35.png,1480,right,2,animal,2,small,1,parrot,1,greet,1,0,1,68,68,0,forward,none
animals_parrot_rot37.png,1481,right,2,animal,2,small,1,parrot,1,greet,1,0,1,72,72,0,forward,none
animals_parrot_rot40.png,1482,right,2,animal,2,small,1,parrot,1,greet,1,0,1,78,78,0,forward,none
animals_parrot_rot43.png,1483,right,2,animal,2,small,1,parrot,1,greet,1,0,1,84,84,0,forward,none
animals_parrot_rot54.png,1484,right,2,animal,2,small,1,parrot,1,greet,1,0,1,106,106,0,forward,none
animals_parrot_rot56.png,1485,right,2,animal,2,small,1,parrot,1,greet,1,0,1,110,110,0,forward,none
animals_parrot_rot61.png,1486,right,2,animal,2,small,1,parrot,1,greet,1,0,1,120,120,0,forward,none
animals_parrot_rot65.png,1487,right,2,animal,2,small,1,parrot,1,greet,1,0,1,128,128,0,forward,none
animals_parrot_rot67.png,1488,right,2,animal,2,small,1,parrot,1,greet,1,0,1,132,132,0,forward,none
animals_parrot_rot74.png,1489,right,2,animal,2,small,1,parrot,1,greet,1,0,1,146,146,0,sideways,none
animals_parrot_rot75.png,1490,right,2,animal,2,small,1,parrot,1,greet,1,0,1,148,148,0,sideways,none
animals_parrot_rot78.png,1491,right,2,animal,2,small,1,parrot,1,greet,1,0,1,154,154,0,sideways,none
animals_parrot_rot82.png,1492,right,2,animal,2,small,1,parrot,1,greet,1,0,1,162,162,0,sideways,none
animals_parrot_rot90.png,1493,right,2,animal,2,small,1,parrot,1,greet,1,0,1,178,178,0,sideways,none
animals_parrot_rot91.png,1494,right,2,animal,2,small,1,parrot,1,greet,1,0,1,180,180,0,sideways,none
animals_cat_rot02.png,1495,left,1,animal,2,small,1,cat,2,greet,1,0,1,2,2,0,sideways,none
animals_cat_rot04.png,1496,left,1,animal,2,small,1,cat,2,greet,1,0,1,6,6,0,sideways,none
animals_cat_rot11.png,1497,left,1,animal,2,small,1,cat,2,greet,1,0,1,20,20,0,sideways,none
animals_cat_rot14.png,1498,left,1,animal,2,small,1,cat,2,greet,1,0,1,26,26,0,sideways,none
animals_cat_rot17.png,1499,left,1,animal,2,small,1,cat,2,greet,1,0,1,32,32,0,sideways,none
animals_cat_rot23.png,1500,left,1,animal,2,small,1,cat,2,greet,1,0,1,44,44,0,sideways,none
animals_cat_rot29.png,1501,left,1,animal,2,small,1,cat,2,greet,1,0,1,56,56,0,forward,none
animals_cat_rot33.png,1502,left,1,animal,2,small,1,cat,2,greet,1,0,1,64,64,0,forward,none
animals_cat_rot41.png,1503,left,1,animal,2,small,1,cat,2,greet,1,0,1,80,80,0,forward,none
animals_cat_rot44.png,1504,left,1,animal,2,small,1,cat,2,greet,1,0,1,86,86,0,forward,none
animals_cat_rot45.png,1505,left,1,animal,2,small,1,cat,2,greet,1,0,1,88,88,0,forward,none
animals_cat_rot50.png,1506,left,1,animal,2,small,1,cat,2,greet,1,0,1,98,98,0,forward,none
animals_cat_rot51.png,1507,left,1,animal,2,small,1,cat,2,greet,1,0,1,100,100,0,forward,none
animals_cat_rot53.png,1508,left,1,animal,2,small,1,cat,2,greet,1,0,1,104,104,0,forward,none
animals_cat_rot57.png,1509,left,1,animal,2,small,1,cat,2,greet,1,0,1,112,112,0,forward,none
animals_cat_rot58.png,1510,left,1,animal,2,small,1,cat,2,greet,1,0,1,114,114,0,forward,none
animals_cat_rot64.png,1511,left,1,animal,2,small,1,cat,2,greet,1,0,1,126,126,0,forward,none
animals_cat_rot67.png,1512,left,1,animal,2,small,1,cat,2,greet,1,0,1,132,132,0,forward,none
animals_bear_rot01.png,1513,right,2,animal,2,large,2,bear,3,observe,4,0,1,0,0,0,sideways,none
animals_bear_rot02.png,1514,right,2,animal,2,large,2,bear,3,observe,4,0,1,2,2,0,sideways,none
animals_bear_rot05.png,1515,right,2,animal,2,large,2,bear,3,observe,4,0,1,8,8,0,sideways,none
animals_bear_rot07.png,1516,right,2,animal,2,large,2,bear,3,observe,4,0,1,12,12,0,sideways,none
animals_bear_rot11.png,1517,right,2,animal,2,large,2,bear,3,observe,4,0,1,20,20,0,sideways,none
animals_bear_rot12.png,1518,right,2,animal,2,large,2,bear,3,observe,4,0,1,22,22,0,sideways,none
animals_bear_rot14.png,1519,right,2,animal,2,large,2,bear,3,observe,4,0,1,26,26,0,sideways,none
animals_bear_rot16.png,1520,right,2,animal,2,large,2,bear,3,observe,4,0,1,30,30,0,sideways,none
animals_bear_rot19.png,1521,right,2,animal,2,large,2,bear,3,observe,4,0,1,36,36,0,sideways,none
animals_bear_rot24.png,1522,right,2,animal,2,large,2,bear,3,observe,4,0,1,46,46,0,forward,none
animals_bear_rot25.png,1523,right,2,animal,2,large,2,bear,3,observe,4,0,1,48,48,0,forward,none
animals_bear_rot26.png,1524,right,2,animal,2,large,2,bear,3,observe,4,0,1,50,50,0,forward,none
animals_bear_rot35.png,1525,right,2,animal,2,large,2,bear,3,observe,4,0,1,68,68,0,forward,none
animals_bear_rot38.png,1526,right,2,animal,2,large,2,bear,3,observe,4,0,1,74,74,0,forward,none
animals_bear_rot42.png,1527,right,2,animal,2,large,2,bear,3,observe,4,0,1,82,82,0,forward,none
animals_bear_rot71.png,1528,right,2,animal,2,large,2,bear,3,observe,4,0,1,140,140,0,sideways,none
animals_bear_rot80.png,1529,right,2,animal,2,large,2,bear,3,observe,4,0,1,158,158,0,sideways,none
animals_bear_rot83.png,1530,right,2,animal,2,large,2,bear,3,observe,4,0,1,164,164,0,sideways,none
animals_giraffe_rot04.png,1531,left,1,animal,2,large,2,giraffe,4,observe,4,0,1,6,6,0,sideways,none
animals_giraffe_rot10.png,1532,left,1,animal,2,large,2,giraffe,4,observe,4,0,1,18,18,0,sideways,none
animals_giraffe_rot11.png,1533,left,1,animal,2,large,2,giraffe,4,observe,4,0,1,20,20,0,sideways,none
animals_giraffe_rot12.png,1534,left,1,animal,2,large,2,giraffe,4,observe,4,0,1,22,22,0,sideways,none
animals_giraffe_rot17.png,1535,left,1,animal,2,large,2,giraffe,4,observe,4,0,1,32,32,0,sideways,none
animals_giraffe_rot48.png,1536,left,1,animal,2,large,2,giraffe,4,observe,4,0,1,94,94,0,forward,none
animals_giraffe_rot51.png,1537,left,1,animal,2,large,2,giraffe,4,observe,4,0,1,100,100,0,forward,none
animals_giraffe_rot56.png,1538,left,1,animal,2,large,2,giraffe,4,observe,4,0,1,110,110,0,forward,none
animals_giraffe_rot60.png,1539,left,1,animal,2,large,2,giraffe,4,observe,4,0,1,118,118,0,forward,none
animals_giraffe_rot63.png,1540,left,1,animal,2,large,2,giraffe,4,observe,4,0,1,124,124,0,forward,none
animals_giraffe_rot67.png,1541,left,1,animal,2,large,2,giraffe,4,observe,4,0,1,132,132,0,forward,none
animals_giraffe_rot70.png,1542,left,1,animal,2,large,2,giraffe,4,observe,4,0,1,138,138,0,sideways,none
animals_giraffe_rot72.png,1543,left,1,animal,2,large,2,giraffe,4,observe,4,0,1,142,142,0,sideways,none
animals_giraffe_rot77.png,1544,left,1,animal,2,large,2,giraffe,4,observe,4,0,1,152,152,0,sideways,none
animals_giraffe_rot80.png,1545,left,1,animal,2,large,2,giraffe,4,observe,4,0,1,158,158,0,sideways,none
animals_giraffe_rot85.png,1546,left,1,animal,2,large,2,giraffe,4,observe,4,0,1,168,168,0,sideways,none
animals_giraffe_rot86.png,1547,left,1,animal,2,large,2,giraffe,4,observe,4,0,1,170,170,0,sideways,none
animals_giraffe_rot90.png,1548,left,1,animal,2,large,2,giraffe,4,observe,4,0,1,178,178,0,sideways,none
tools_drill_rot02.png,1549,right,2,object,3,tool,1,drill,1,grasp,2,0,1,2,2,0,sideways,none
tools_drill_rot04.png,1550,right,2,object,3,tool,1,drill,1,grasp,2,0,1,6,6,0,sideways,none
tools_drill_rot10.png,1551,right,2,object,3,tool,1,drill,1,grasp,2,0,1,18,18,0,sideways,none
tools_drill_rot11.png,1552,right,2,object,3,tool,1,drill,1,grasp,2,0,1,20,20,0,sideways,none
tools_drill_rot14.png,1553,right,2,object,3,tool,1,drill,1,grasp,2,0,1,26,26,0,sideways,none
tools_drill_rot15.png,1554,right,2,object,3,tool,1,drill,1,grasp,2,0,1,28,28,0,sideways,none
tools_drill_rot19.png,1555,right,2,object,3,tool,1,drill,1,grasp,2,0,1,36,36,0,sideways,none
tools_drill_rot22.png,1556,right,2,object,3,tool,1,drill,1,grasp,2,0,1,42,42,0,sideways,none
tools_drill_rot27.png,1557,right,2,object,3,tool,1,drill,1,grasp,2,0,1,52,52,0,forward,none
tools_drill_rot29.png,1558,right,2,object,3,tool,1,drill,1,grasp,2,0,1,56,56,0,forward,none
tools_drill_rot31.png,1559,right,2,object,3,tool,1,drill,1,grasp,2,0,1,60,60,0,forward,none
tools_drill_rot38.png,1560,right,2,object,3,tool,1,drill,1,grasp,2,0,1,74,74,0,forward,none
tools_drill_rot41.png,1561,right,2,object,3,tool,1,drill,1,grasp,2,0,1,80,80,0,forward,none
tools_drill_rot42.png,1562,right,2,object,3,tool,1,drill,1,grasp,2,0,1,82,82,0,forward,none
tools_drill_rot69.png,1563,right,2,object,3,tool,1,drill,1,grasp,2,0,1,136,136,0,sideways,none
tools_drill_rot72.png,1564,right,2,object,3,tool,1,drill,1,grasp,2,0,1,142,142,0,sideways,none
tools_drill_rot81.png,1565,right,2,object,3,tool,1,drill,1,grasp,2,0,1,160,160,0,sideways,none
tools_drill_rot86.png,1566,right,2,object,3,tool,1,drill,1,grasp,2,0,1,170,170,0,sideways,none
tools_brush_rot24.png,1567,left,1,object,3,tool,1,brush,2,grasp,2,0,1,46,46,0,forward,none
tools_brush_rot25.png,1568,left,1,object,3,tool,1,brush,2,grasp,2,0,1,48,48,0,forward,none
tools_brush_rot42.png,1569,left,1,object,3,tool,1,brush,2,grasp,2,0,1,82,82,0,forward,none
tools_brush_rot45.png,1570,left,1,object,3,tool,1,brush,2,grasp,2,0,1,88,88,0,forward,none
tools_brush_rot49.png,1571,left,1,object,3,tool,1,brush,2,grasp,2,0,1,96,96,0,forward,none
tools_brush_rot53.png,1572,left,1,object,3,tool,1,brush,2,grasp,2,0,1,104,104,0,forward,none
tools_brush_rot56.png,1573,left,1,object,3,tool,1,brush,2,grasp,2,0,1,110,110,0,forward,none
tools_brush_rot57.png,1574,left,1,object,3,tool,1,brush,2,grasp,2,0,1,112,112,0,forward,none
tools_brush_rot62.png,1575,left,1,object,3,tool,1,brush,2,grasp,2,0,1,122,122,0,forward,none
tools_brush_rot63.png,1576,left,1,object,3,tool,1,brush,2,grasp,2,0,1,124,124,0,forward,none
tools_brush_rot65.png,1577,left,1,object,3,tool,1,brush,2,grasp,2,0,1,128,128,0,forward,none
tools_brush_rot68.png,1578,left,1,object,3,tool,1,brush,2,grasp,2,0,1,134,134,0,forward,none
tools_brush_rot70.png,1579,left,1,object,3,tool,1,brush,2,grasp,2,0,1,138,138,0,sideways,none
tools_brush_rot72.png,1580,left,1,object,3,tool,1,brush,2,grasp,2,0,1,142,142,0,sideways,none
tools_brush_rot73.png,1581,left,1,object,3,tool,1,brush,2,grasp,2,0,1,144,144,0,sideways,none
tools_brush_rot75.png,1582,left,1,object,3,tool,1,brush,2,grasp,2,0,1,148,148,0,sideways,none
tools_brush_rot83.png,1583,left,1,object,3,tool,1,brush,2,grasp,2,0,1,164,164,0,sideways,none
tools_brush_rot87.png,1584,left,1,object,3,tool,1,brush,2,grasp,2,0,1,172,172,0,sideways,none
vehicles_bus_rot04.png,1585,right,2,object,3,vehicle,2,bus,3,enter,3,0,1,6,6,0,sideways,none
vehicles_bus_rot07.png,1586,right,2,object,3,vehicle,2,bus,3,enter,3,0,1,12,12,0,sideways,none
vehicles_bus_rot10.png,1587,right,2,object,3,vehicle,2,bus,3,enter,3,0,1,18,18,0,sideways,none
vehicles_bus_rot11.png,1588,right,2,object,3,vehicle,2,bus,3,enter,3,0,1,20,20,0,sideways,none
vehicles_bus_rot16.png,1589,right,2,object,3,vehicle,2,bus,3,enter,3,0,1,30,30,0,sideways,none
vehicles_bus_rot21.png,1590,right,2,object,3,vehicle,2,bus,3,enter,3,0,1,40,40,0,sideways,none
vehicles_bus_rot51.png,1591,right,2,object,3,vehicle,2,bus,3,enter,3,0,1,100,100,0,forward,none
vehicles_bus_rot52.png,1592,right,2,object,3,vehicle,2,bus,3,enter,3,0,1,102,102,0,forward,none
vehicles_bus_rot53.png,1593,right,2,object,3,vehicle,2,bus,3,enter,3,0,1,104,104,0,forward,none
vehicles_bus_rot58.png,1594,right,2,object,3,vehicle,2,bus,3,enter,3,0,1,114,114,0,forward,none
vehicles_bus_rot59.png,1595,right,2,object,3,vehicle,2,bus,3,enter,3,0,1,116,116,0,forward,none
vehicles_bus_rot67.png,1596,right,2,object,3,vehicle,2,bus,3,enter,3,0,1,132,132,0,forward,none
vehicles_bus_rot78.png,1597,right,2,object,3,vehicle,2,bus,3,enter,3,0,1,154,154,0,sideways,none
vehicles_bus_rot79.png,1598,right,2,object,3,vehicle,2,bus,3,enter,3,0,1,156,156,0,sideways,none
vehicles_bus_rot82.png,1599,right,2,object,3,vehicle,2,bus,3,enter,3,0,1,162,162,0,sideways,none
vehicles_bus_rot84.png,1600,right,2,object,3,vehicle,2,bus,3,enter,3,0,1,166,166,0,sideways,none
vehicles_bus_rot89.png,1601,right,2,object,3,vehicle,2,bus,3,enter,3,0,1,176,176,0,sideways,none
vehicles_bus_rot90.png,1602,right,2,object,3,vehicle,2,bus,3,enter,3,0,1,178,178,0,sideways,none
vehicles_suv_rot02.png,1603,left,1,object,3,vehicle,2,suv,4,enter,3,0,1,2,2,0,sideways,none
vehicles_suv_rot10.png,1604,left,1,object,3,vehicle,2,suv,4,enter,3,0,1,18,18,0,sideways,none
vehicles_suv_rot17.png,1605,left,1,object,3,vehicle,2,suv,4,enter,3,0,1,32,32,0,sideways,none
vehicles_suv_rot18.png,1606,left,1,object,3,vehicle,2,suv,4,enter,3,0,1,34,34,0,sideways,none
vehicles_suv_rot23.png,1607,left,1,object,3,vehicle,2,suv,4,enter,3,0,1,44,44,0,sideways,none
vehicles_suv_rot31.png,1608,left,1,object,3,vehicle,2,suv,4,enter,3,0,1,60,60,0,forward,none
vehicles_suv_rot33.png,1609,left,1,object,3,vehicle,2,suv,4,enter,3,0,1,64,64,0,forward,none
vehicles_suv_rot39.png,1610,left,1,object,3,vehicle,2,suv,4,enter,3,0,1,76,76,0,forward,none
vehicles_suv_rot40.png,1611,left,1,object,3,vehicle,2,suv,4,enter,3,0,1,78,78,0,forward,none
vehicles_suv_rot42.png,1612,left,1,object,3,vehicle,2,suv,4,enter,3,0,1,82,82,0,forward,none
vehicles_suv_rot45.png,1613,left,1,object,3,vehicle,2,suv,4,enter,3,0,1,88,88,0,forward,none
vehicles_suv_rot69.png,1614,left,1,object,3,vehicle,2,suv,4,enter,3,0,1,136,136,0,sideways,none
vehicles_suv_rot70.png,1615,left,1,object,3,vehicle,2,suv,4,enter,3,0,1,138,138,0,sideways,none
vehicles_suv_rot71.png,1616,left,1,object,3,vehicle,2,suv,4,enter,3,0,1,140,140,0,sideways,none
vehicles_suv_rot72.png,1617,left,1,object,3,vehicle,2,suv,4,enter,3,0,1,142,142,0,sideways,none
vehicles_suv_rot78.png,1618,left,1,object,3,vehicle,2,suv,4,enter,3,0,1,154,154,0,sideways,none
vehicles_suv_rot84.png,1619,left,1,object,3,vehicle,2,suv,4,enter,3,0,1,166,166,0,sideways,none
vehicles_suv_rot88.png,1620,left,1,object,3,vehicle,2,suv,4,enter,3,0,1,174,174,0,sideways,none
food_pizza_rot30.png,1621,right,2,food,4,manmade,1,pizza,1,grasp,2,0,1,58,58,0,forward,none
food_pizza_rot34.png,1622,right,2,food,4,manmade,1,pizza,1,grasp,2,0,1,66,66,0,forward,none
food_pizza_rot36.png,1623,right,2,food,4,manmade,1,pizza,1,grasp,2,0,1,70,70,0,forward,none
food_pizza_rot48.png,1624,right,2,food,4,manmade,1,pizza,1,grasp,2,0,1,94,94,0,forward,none
food_pizza_rot49.png,1625,right,2,food,4,manmade,1,pizza,1,grasp,2,0,1,96,96,0,forward,none
food_pizza_rot52.png,1626,right,2,food,4,manmade,1,pizza,1,grasp,2,0,1,102,102,0,forward,none
food_pizza_rot53.png,1627,right,2,food,4,manmade,1,pizza,1,grasp,2,0,1,104,104,0,forward,none
food_pizza_rot55.png,1628,right,2,food,4,manmade,1,pizza,1,grasp,2,0,1,108,108,0,forward,none
food_pizza_rot56.png,1629,right,2,food,4,manmade,1,pizza,1,grasp,2,0,1,110,110,0,forward,none
food_pizza_rot61.png,1630,right,2,food,4,manmade,1,pizza,1,grasp,2,0,1,120,120,0,forward,none
food_pizza_rot62.png,1631,right,2,food,4,manmade,1,pizza,1,grasp,2,0,1,122,122,0,forward,none
food_pizza_rot67.png,1632,right,2,food,4,manmade,1,pizza,1,grasp,2,0,1,132,132,0,forward,none
food_pizza_rot69.png,1633,right,2,food,4,manmade,1,pizza,1,grasp,2,0,1,136,136,0,sideways,none
food_pizza_rot74.png,1634,right,2,food,4,manmade,1,pizza,1,grasp,2,0,1,146,146,0,sideways,none
food_pizza_rot79.png,1635,right,2,food,4,manmade,1,pizza,1,grasp,2,0,1,156,156,0,sideways,none
food_pizza_rot81.png,1636,right,2,food,4,manmade,1,pizza,1,grasp,2,0,1,160,160,0,sideways,none
food_pizza_rot82.png,1637,right,2,food,4,manmade,1,pizza,1,grasp,2,0,1,162,162,0,sideways,none
food_pizza_rot84.png,1638,right,2,food,4,manmade,1,pizza,1,grasp,2,0,1,166,166,0,sideways,none
food_banana_rot03.png,1639,left,1,food,4,produce,2,banana,2,grasp,2,0,1,4,4,0,sideways,none
food_banana_rot07.png,1640,left,1,food,4,produce,2,banana,2,grasp,2,0,1,12,12,0,sideways,none
food_banana_rot17.png,1641,left,1,food,4,produce,2,banana,2,grasp,2,0,1,32,32,0,sideways,none
food_banana_rot18.png,1642,left,1,food,4,produce,2,banana,2,grasp,2,0,1,34,34,0,sideways,none
food_banana_rot26.png,1643,left,1,food,4,produce,2,banana,2,grasp,2,0,1,50,50,0,forward,none
food_banana_rot27.png,1644,left,1,food,4,produce,2,banana,2,grasp,2,0,1,52,52,0,forward,none
food_banana_rot34.png,1645,left,1,food,4,produce,2,banana,2,grasp,2,0,1,66,66,0,forward,none
food_banana_rot37.png,1646,left,1,food,4,produce,2,banana,2,grasp,2,0,1,72,72,0,forward,none
food_banana_rot44.png,1647,left,1,food,4,produce,2,banana,2,grasp,2,0,1,86,86,0,forward,none
food_banana_rot45.png,1648,left,1,food,4,produce,2,banana,2,grasp,2,0,1,88,88,0,forward,none
food_banana_rot70.png,1649,left,1,food,4,produce,2,banana,2,grasp,2,0,1,138,138,0,sideways,none
food_banana_rot72.png,1650,left,1,food,4,produce,2,banana,2,grasp,2,0,1,142,142,0,sideways,none
food_banana_rot76.png,1651,left,1,food,4,produce,2,banana,2,grasp,2,0,1,150,150,0,sideways,none
food_banana_rot78.png,1652,left,1,food,4,produce,2,banana,2,grasp,2,0,1,154,154,0,sideways,none
food_banana_rot80.png,1653,left,1,food,4,produce,2,banana,2,grasp,2,0,1,158,158,0,sideways,none
food_banana_rot85.png,1654,left,1,food,4,produce,2,banana,2,grasp,2,0,1,168,168,0,sideways,none
food_banana_rot88.png,1655,left,1,food,4,produce,2,banana,2,grasp,2,0,1,174,174,0,sideways,none
food_banana_rot90.png,1656,left,1,food,4,produce,2,banana,2,grasp,2,0,1,178,178,0,sideways,none
places_gothicchurch_rot02.png,1657,right,2,place,5,building,1,church,1,enter,3,0,1,2,2,0,sideways,none
places_gothicchurch_rot03.png,1658,right,2,place,5,building,1,church,1,enter,3,0,1,4,4,0,sideways,none
places_gothicchurch_rot09.png,1659,right,2,place,5,building,1,church,1,enter,3,0,1,16,16,0,sideways,none
places_gothicchurch_rot17.png,1660,right,2,place,5,building,1,church,1,enter,3,0,1,32,32,0,sideways,none
places_gothicchurch_rot18.png,1661,right,2,place,5,building,1,church,1,enter,3,0,1,34,34,0,sideways,none
places_gothicchurch_rot19.png,1662,right,2,place,5,building,1,church,1,enter,3,0,1,36,36,0,sideways,none
places_gothicchurch_rot25.png,1663,right,2,place,5,building,1,church,1,enter,3,0,1,48,48,0,forward,none
places_gothicchurch_rot27.png,1664,right,2,place,5,building,1,church,1,enter,3,0,1,52,52,0,forward,none
places_gothicchurch_rot28.png,1665,right,2,place,5,building,1,church,1,enter,3,0,1,54,54,0,forward,none
places_gothicchurch_rot31.png,1666,right,2,place,5,building,1,church,1,enter,3,0,1,60,60,0,forward,none
places_gothicchurch_rot32.png,1667,right,2,place,5,building,1,church,1,enter,3,0,1,62,62,0,forward,none
places_gothicchurch_rot37.png,1668,right,2,place,5,building,1,church,1,enter,3,0,1,72,72,0,forward,none
places_gothicchurch_rot39.png,1669,right,2,place,5,building,1,church,1,enter,3,0,1,76,76,0,forward,none
places_gothicchurch_rot44.png,1670,right,2,place,5,building,1,church,1,enter,3,0,1,86,86,0,forward,none
places_gothicchurch_rot47.png,1671,right,2,place,5,building,1,church,1,enter,3,0,1,92,92,0,forward,none
places_gothicchurch_rot54.png,1672,right,2,place,5,building,1,church,1,enter,3,0,1,106,106,0,forward,none
places_gothicchurch_rot55.png,1673,right,2,place,5,building,1,church,1,enter,3,0,1,108,108,0,forward,none
places_gothicchurch_rot56.png,1674,right,2,place,5,building,1,church,1,enter,3,0,1,110,110,0,forward,none
places_house1_rot01.png,1675,left,1,place,5,building,1,house,2,enter,3,0,1,0,0,0,sideways,none
places_house1_rot04.png,1676,left,1,place,5,building,1,house,2,enter,3,0,1,6,6,0,sideways,none
places_house1_rot07.png,1677,left,1,place,5,building,1,house,2,enter,3,0,1,12,12,0,sideways,none
places_house1_rot12.png,1678,left,1,place,5,building,1,house,2,enter,3,0,1,22,22,0,sideways,none
places_house1_rot15.png,1679,left,1,place,5,building,1,house,2,enter,3,0,1,28,28,0,sideways,none
places_house1_rot16.png,1680,left,1,place,5,building,1,house,2,enter,3,0,1,30,30,0,sideways,none
places_house1_rot17.png,1681,left,1,place,5,building,1,house,2,enter,3,0,1,32,32,0,sideways,none
places_house1_rot20.png,1682,left,1,place,5,building,1,house,2,enter,3,0,1,38,38,0,sideways,none
places_house1_rot23.png,1683,left,1,place,5,building,1,house,2,enter,3,0,1,44,44,0,sideways,none
places_house1_rot52.png,1684,left,1,place,5,building,1,house,2,enter,3,0,1,102,102,0,forward,none
places_house1_rot54.png,1685,left,1,place,5,building,1,house,2,enter,3,0,1,106,106,0,forward,none
places_house1_rot56.png,1686,left,1,place,5,building,1,house,2,enter,3,0,1,110,110,0,forward,none
places_house1_rot57.png,1687,left,1,place,5,building,1,house,2,enter,3,0,1,112,112,0,forward,none
places_house1_rot62.png,1688,left,1,place,5,building,1,house,2,enter,3,0,1,122,122,0,forward,none
places_house1_rot66.png,1689,left,1,place,5,building,1,house,2,enter,3,0,1,130,130,0,forward,none
places_house1_rot72.png,1690,left,1,place,5,building,1,house,2,enter,3,0,1,142,142,0,sideways,none
places_house1_rot76.png,1691,left,1,place,5,building,1,house,2,enter,3,0,1,150,150,0,sideways,none
places_house1_rot79.png,1692,left,1,place,5,building,1,house,2,enter,3,0,1,156,156,0,sideways,none
places_watertower_rot01.png,1693,right,2,place,5,building,1,watertower,3,observe,4,0,1,0,0,0,sideways,none
places_watertower_rot06.png,1694,right,2,place,5,building,1,watertower,3,observe,4,0,1,10,10,0,sideways,none
places_watertower_rot08.png,1695,right,2,place,5,building,1,watertower,3,observe,4,0,1,14,14,0,sideways,none
places_watertower_rot18.png,1696,right,2,place,5,building,1,watertower,3,observe,4,0,1,34,34,0,sideways,none
places_watertower_rot20.png,1697,right,2,place,5,building,1,watertower,3,observe,4,0,1,38,38,0,sideways,none
places_watertower_rot22.png,1698,right,2,place,5,building,1,watertower,3,observe,4,0,1,42,42,0,sideways,none
places_watertower_rot26.png,1699,right,2,place,5,building,1,watertower,3,observe,4,0,1,50,50,0,forward,none
places_watertower_rot29.png,1700,right,2,place,5,building,1,watertower,3,observe,4,0,1,56,56,0,forward,none
places_watertower_rot32.png,1701,right,2,place,5,building,1,watertower,3,observe,4,0,1,62,62,0,forward,none
places_watertower_rot33.png,1702,right,2,place,5,building,1,watertower,3,observe,4,0,1,64,64,0,forward,none
places_watertower_rot39.png,1703,right,2,place,5,building,1,watertower,3,observe,4,0,1,76,76,0,forward,none
places_watertower_rot45.png,1704,right,2,place,5,building,1,watertower,3,observe,4,0,1,88,88,0,forward,none
places_watertower_rot48.png,1705,right,2,place,5,building,1,watertower,3,observe,4,0,1,94,94,0,forward,none
places_watertower_rot59.png,1706,right,2,place,5,building,1,watertower,3,observe,4,0,1,116,116,0,forward,none
places_watertower_rot60.png,1707,right,2,place,5,building,1,watertower,3,observe,4,0,1,118,118,0,forward,none
places_watertower_rot63.png,1708,right,2,place,5,building,1,watertower,3,observe,4,0,1,124,124,0,forward,none
places_watertower_rot67.png,1709,right,2,place,5,building,1,watertower,3,observe,4,0,1,132,132,0,forward,none
places_watertower_rot68.png,1710,right,2,place,5,building,1,watertower,3,observe,4,0,1,134,134,0,forward,none
